<?xml version="1.0" encoding="UTF-8"?>
<OpenSearchDescription xmlns="http://a9.com/-/spec/opensearch/1.1/">
  <ShortName>{{ project|e }}</ShortName>
  <Description>{% trans docstitle=docstitle|e %}Search {{ docstitle }}{% endtrans %}</Description>
  <InputEncoding>utf-8</InputEncoding>
  <Url type="text/html" method="get"
       template="{{ use_opensearch }}/{{ pathto('search') }}?q={searchTerms}"/>
  <LongName>{{ docstitle|e }}</LongName>
{%- if favicon %}
  <Image height="16" width="16" type="image/x-icon">{{ use_opensearch }}/{{ pathto('_static/' + favicon, 1) }}</Image>
{%- endif %}
{% block extra %} {# Put e.g. an <Image> element here. #} {% endblock %}
</OpenSearchDescription>
