{
    "continue": "0xE000",
    "debug": "0xE001",
    "run-cell": "0xE003",
    "run-cell-inplace": "0xE004",
    "step-forward": "0xE005",
    "step-into": "0xE006",
    "step-out": "0xE007",
    "step-over": "0xE008",
    "stop": "0xE009",
    "cell": "0xE00A",
    "cell-code": "0xE03B",
    "cell-play": "0xE03C",
    "cell-next": "0xE03D",
    "cell-border": "0xE03E",
    "run-one-inplace": "0xE00B",
    "run-one": "0xE00C",
    "python-logo": "0xE00D",
    "python-logo-up": "0xE00E",
    "python-logo-down": "0xE00F",
    "spyder-logo-web": "0xE010",
    "spyder-logo-snake": "0xE011",
    "spyder-logo-background": "0xE012",
    "inward": "0xE013",
    "rows": "0xE014",
    "window": "0xE015",
    "maximize-pane": "0xE016",
    "minimize-pane": "0xE017",
    "ipython-logo": "0xE018",
    "ipython-logo-alt": "0xE042",
    "jupyter-logo": "0xE043",
    "run-selection": "0xE019",
    "text-select-all": "0xE01A",
    "treeview": "0xE01B",
    "circle-letter-a": "0xE01F",
    "circle-letter-c": "0xE020",
    "circle-letter-f": "0xE021",
    "circle-hash": "0xE022",
    "circle-letter-m": "0xE023",
    "circle-percent": "0xE024",
    "circle-letter-r": "0xE025",
    "circle-underscore": "0xE026",
    "cube-front": "0xE055",
    "cube-bottom": "0xE056",
    "cube-right": "0xE057",
    "cube-left": "0xE058",
    "cube-rear": "0xE059",
    "cube-top": "0xE060"
}
